reviewer_id,reviewer_name
R0001,Abc-kal
R0002,AziziOthmanMY
R0003,Blue-Grotto
R0004,CinemaClown
R0005,Cirdl3
R0006,Crescent11
R0007,DICK STEEL
R0008,Fella_shibby
R0009,FilmFlowCritics
R0010,FinnTalks
R0011,HafizhMaulana21
R0012,Herlinda_Marlina
R0013,Horror_Flick_Fanatic
R0014,JoelChamp85
R0015,Karamakate
R0016,Khaskhask
R0017,LDRmuffin
R0018,LedyMissy
R0019,Luvstagrind
R0020,Magnificent!
R0021,Matt73
R0022,MichaelNontonMulu
R0023,Miputra
R0024,Nurfauzi-fikri9
R0025,Otte1
R0026,PutriNurjanna
R0027,RHZlubis
R0028,Raden_Erlangga
R0029,Re1nard
R0030,RendyBrontosaurus
R0031,Sir_AmirSyarif
R0032,SoumikBanerjee1996
R0033,SstrykerR
R0034,Sugianto-165
R0035,Thedragonmaster-20667
R0036,Ultraluna_
R0037,Xomed007
R0038,Xstal
R0039,XueHuaBingYu
R0040,abiprajaap
R0041,adhityaeriny
R0042,adiar-71222
R0043,adjieindrawan
R0044,agustinussamin
R0045,ahdini140451
R0046,ahmadfrie
R0047,ahmzuhdi
R0048,aipsun
R0049,akbar_i
R0050,akhidavid
R0051,alanicareek-97898
R0052,alberteffendy-98357
R0053,albertval-69560
R0054,aldiandoko
R0055,aldri-feb
R0056,aldybeatbox21
R0057,alejahernandezlopez
R0058,alexandermaleke
R0059,aliviasania
R0060,amanullahkhan_ok
R0061,amirmsani
R0062,anandserpi
R0063,andikurniadi
R0064,andisboediman
R0065,andrewchristianjr
R0066,annisasafanta
R0067,ansar88
R0068,aqien
R0069,arinugroho-43560
R0070,arungeorge13
R0071,aryawibitomo
R0072,astridirawati2002
R0073,atharmiyukucing
R0074,atractiveeyes
R0075,avakina
R0076,awaldibachtiar
R0077,azkaelfaatih
R0078,babuntel
R0079,bajingantampan
R0080,bakerstreet-862-612840
R0081,bayunugrohomail
R0082,bayuvevo
R0083,bemzsoe
R0084,bimaadiwira
R0085,bodcctv
R0086,bram_yohanes
R0087,brokenboiz
R0088,bruno_occhipinti
R0089,bryantxzhan
R0090,bukearpubu
R0091,bumibomber
R0092,cahidi
R0093,calvinh1985
R0094,canisthya
R0095,ceciliamarceline
R0096,chairulridjal
R0097,chandrandre
R0098,cijayobole
R0099,cinephile-007
R0100,cissrawkdemon
R0101,cktqjrvjz
R0102,claudio_carvalho
R0103,cocingescape
R0104,coolidgebutch
R0105,cyguration
R0106,cynthiafebrianikairupan
R0107,daniel70ppp
R0108,darc-04238
R0109,daringdarlings
R0110,daryopeek
R0111,david-161-28390
R0112,deasy0deasy
R0113,deliasayang
R0114,densussiregar
R0115,devianiastari
R0116,devilapolo
R0117,diannndra
R0118,diggul
R0119,dindaidrd
R0120,divinalondon
R0121,djamessaurus
R0122,elder-81604
R0123,elikrisnawati
R0124,elisellenn
R0125,emir-adenaury
R0126,ephenys
R0127,evelynsimorangkir
R0128,exceladeogun
R0129,fahrezi_c
R0130,faithfullmarx
R0131,farhannurdiansyah
R0132,farrellnaofal
R0133,fayreview
R0134,fernaldyputrawijaya
R0135,fernallfn
R0136,ferryvisual
R0137,feryantt
R0138,finlayson-m
R0139,fitriyantoandi
R0140,frans_xavier
R0141,frereloupe9
R0142,friddenelgar
R0143,friskasesillia
R0144,fvhimawan
R0145,gavin6942
R0146,gc_susetyo
R0147,gedikreverdi
R0148,gembel
R0149,geraldkweesar
R0150,gila_film
R0151,gsajuti
R0152,haitsamrafid
R0153,hamzahanaz-64757
R0154,hans-panjaitan-330-89832
R0155,harve_p
R0156,haziqmuhyidin
R0157,herusyofuan
R0158,hiapakabarsehat
R0159,hiraishinnojutsu
R0160,hopemylifebebetter
R0161,hoshinokek
R0162,hprabowo
R0163,iamMarkPrice
R0164,iamianiman
R0165,icocleric
R0166,ignsyndrome
R0167,ilhamdb
R0168,ilovepakjejen
R0169,imdberc
R0170,inayatulfm
R0171,incubrus
R0172,ini_ynti-22457
R0173,intanlestarict
R0174,ioyreviewee
R0175,iphien-keren
R0176,irdenihartono
R0177,irfanyasykur
R0178,jasminetanujaya
R0179,jelassienis
R0180,joechaniagojc
R0181,jonbudi
R0182,jouirvan
R0183,jpmills-35666
R0184,juliusalexs
R0185,kadrunjahanam
R0186,kamalbeeee
R0187,kannibalcorpsegrinder
R0188,karismaputrime
R0189,kelul
R0190,kevin_blaze
R0191,killbill_tarantino2003
R0192,kindredparadox
R0193,king_vsjn
R0194,klemenaslan
R0195,kosmasp
R0196,kvnbrghtn
R0197,ladyroockerz
R0198,laruelle
R0199,laurentsita
R0200,laywilliam
R0201,lcanderson-13864
R0202,lee-90
R0203,lemonmishal
R0204,leonihang
R0205,linearattack
R0206,lubbme_shamy
R0207,mademoisherl
R0208,magnussonborski
R0209,makanandansusu
R0210,mariolsitumorang
R0211,martindope
R0212,masagusridwanfebriyan
R0213,massagekirana
R0214,mayaagustini
R0215,mazisramadhan
R0216,meydiana-65242
R0217,michael-64099
R0218,micochanalmonte
R0219,mikesimatupang
R0220,milakariyn
R0221,mkcen2000
R0222,mondaymoviemania
R0223,monibhebhe
R0224,morrison-dylan-fan
R0225,movietrailermm
R0226,nadia_khoi
R0227,nawincreak-94195
R0228,nayyar-aditya
R0229,nenen
R0230,niarlove
R0231,nicholassantoso
R0232,nick98nicholas
R0233,nogodnomasters
R0234,nottfreyja
R0235,obinbisnis
R0236,ops-52535
R0237,oshkpublikahk
R0238,p-stepien
R0239,paryudiyudi
R0240,pasaribuharisfadli
R0241,pasyalyana
R0242,paul_haakonsen
R0243,peteradisaputro
R0244,pink_giulie
R0245,pragyaaguna
R0246,precillia_ss
R0247,proletariatpower
R0248,qui_j
R0249,radenvito-08616
R0250,rafaelfardhan
R0251,rafiibarati
R0252,rahimnoryan
R0253,rahmanita-12828
R0254,rainerraff-87519
R0255,raj-bhullar
R0256,ramadavy-79572
R0257,ratihanisah
R0258,rayfienta22
R0259,rd-djunaedi
R0260,redrobin62-321-207311
R0261,reinaldowilliam818
R0262,reinzarvest-04176
R0263,rescy009
R0264,resident_evilmaniac
R0265,retno_hariyadi
R0266,retnokhastuti
R0267,rgamawann
R0268,rianty-wahab
R0269,rifqi_klose
R0270,rizqyazzahrahkhansa
R0271,rudihermawanhajimugeni
R0272,ryolusky13
R0273,sahman_dede
R0274,samODA-092
R0275,samabc-31952
R0276,sanguine80
R0277,sanjaime-10089
R0278,sansanxaverius-76886
R0279,santosofajar-76865
R0280,savatose
R0281,setigaiki
R0282,shafawatinadia
R0283,shanty_mulia
R0284,shdmnasution
R0285,shedoesntrule
R0286,shi612
R0287,shiina_ringo_johansson
R0288,sigitmurhadiyanto-42015
R0289,slytherinserpent
R0290,spookyrat1
R0291,suannz86
R0292,suci_theblank
R0293,sukapesta
R0294,sukmolelono
R0295,sutosinting
R0296,syakam
R0297,syazwanrosman
R0298,talkmahesh
R0299,talktoashish
R0300,tazangelic
R0301,tedicaprio
R0302,teguhtriguna
R0303,thenickmusa
R0304,thewalkingpuns
R0305,thomasafik
R0306,tiagocampos-02918
R0307,tiggerhans
R0308,tomsalf
R0309,tonciang-12-554394
R0310,triaprilitatata
R0311,tsutjipto
R0312,umbertod-73386
R0313,umpanumpan
R0314,unhealthyobsession
R0315,ve-handojo
R0316,vhandoyo
R0317,vi-nino
R0318,vinaythakur-39463
R0319,virtualmeanwhilee
R0320,vmalast
R0321,vrffhcn
R0322,vzudjoef
R0323,wahyuredhani
R0324,wanderational
R0325,weddypratama
R0326,widyakamara
R0327,winang
R0328,wisnuhyudhanto
R0329,witra_as
R0330,yeanyprajaya
R0331,yehezkielginting
R0332,ykd-95042
R0333,yohanesbenh
R0334,yonasirvanputra
R0335,yoonbeeyond
R0336,ytharumta
R0337,yuma310
R0338,yusakmanullang
R0339,yuseric
R0340,zafierfazamuhammad
R0341,zeropyrozen
R0342,zulfaainitul
